{"cameraMode":{"drawMode":0,"name":"Shaded","section":"Shading Mode"},"sceneLighting":false,"audioPlay":false,"sceneViewState":{"m_AlwaysRefresh":false,"showFog":true,"showSkybox":false,"showFlares":true,"showImageEffects":true,"showParticleSystems":true,"showVisualEffectGraphs":true,"m_FxEnabled":true},"in2DMode":false,"pivot":{"x":930.5994262695313,"y":3.9000000953674318,"z":494.1199951171875},"rotation":{"x":-0.5506325960159302,"y":0.03803323209285736,"z":-0.025124365463852884,"w":-0.8335012793540955},"size":1.2247449159622193,"orthographic":false}